"t","Luma","Luminance","Shutter Speed (s)","Aperture (f/N)","ISO"
8.649874944E-3,9.557199551E-2,7.257561428E0,6.833230000E-4,1.799999952E0,2.500000000E1
2.531095780E-2,9.502210979E-2,7.167016115E0,6.827770000E-4,1.799999952E0,2.500000000E1
3.364141588E-2,9.501001379E-2,7.175130582E0,6.822090000E-4,1.799999952E0,2.500000000E1
4.613749986E-2,9.507295527E-2,7.181514905E0,6.816650000E-4,1.799999952E0,2.500000000E1
5.863341596E-2,9.490434722E-2,7.140460476E0,6.851160000E-4,1.799999952E0,2.500000000E1
7.529458287E-2,9.501129106E-2,7.148106235E0,6.846500000E-4,1.799999952E0,2.500000000E1
8.779037488E-2,9.480406041E-2,7.120066398E0,6.841800000E-4,1.799999952E0,2.500000000E1
1.002863748E-1,9.475567642E-2,7.124807016E0,6.835470000E-4,1.799999952E0,2.500000000E1
1.127822078E-1,9.470765616E-2,7.129039773E0,6.830150000E-4,1.799999952E0,2.500000000E1
1.294434159E-1,9.467827050E-2,7.131663797E0,6.825810000E-4,1.799999952E0,2.500000000E1
1.419392079E-1,9.476347538E-2,7.097427002E0,6.860380000E-4,1.799999952E0,2.500000000E1
1.586004999E-1,9.459752338E-2,7.088151921E0,6.855240000E-4,1.799999952E0,2.500000000E1
1.710960828E-1,9.462202834E-2,7.094704649E0,6.850210000E-4,1.799999952E0,2.500000000E1
1.877574997E-1,9.463612906E-2,7.103477057E0,6.845550000E-4,1.799999952E0,2.500000000E1
2.044187079E-1,9.461270681E-2,7.104558255E0,6.840430000E-4,1.799999952E0,2.500000000E1
2.210799158E-1,9.453488641E-2,7.103169002E0,6.835310000E-4,1.799999952E0,2.500000000E1
2.294105829E-1,9.450136443E-2,7.102281336E0,6.830730000E-4,1.799999952E0,2.500000000E1
2.460717498E-1,9.455286123E-2,7.110261415E0,6.825940000E-4,1.799999952E0,2.500000000E1
2.585676250E-1,9.456872137E-2,7.117284705E0,6.821130000E-4,1.799999952E0,2.500000000E1
2.710630829E-1,9.449473278E-2,7.121111827E0,6.816490000E-4,1.799999952E0,2.500000000E1
2.877245408E-1,9.447098064E-2,7.082212513E0,6.851040000E-4,1.799999952E0,2.500000000E1
2.960552499E-1,9.455971281E-2,7.049425020E0,6.885760000E-4,1.799999952E0,2.500000000E1
3.127163749E-1,9.450391897E-2,7.054469595E0,6.881390000E-4,1.799999952E0,2.500000000E1
3.293776249E-1,9.449041036E-2,7.057002657E0,6.876040000E-4,1.799999952E0,2.500000000E1
3.502039998E-1,9.450269245E-2,7.058612016E0,6.871570000E-4,1.799999952E0,2.500000000E1
3.668651658E-1,9.446696274E-2,7.065228781E0,6.866090000E-4,1.799999952E0,2.500000000E1
3.793612497E-1,9.451351118E-2,7.030947408E0,6.900890000E-4,1.799999952E0,2.500000000E1
3.918569998E-1,9.445432538E-2,6.993848646E0,6.935870000E-4,1.799999952E0,2.500000000E1
4.126834997E-1,9.504345119E-2,7.078212325E0,6.930270000E-4,1.799999952E0,2.500000000E1
4.251794578E-1,9.504604802E-2,7.086207119E0,6.925870000E-4,1.799999952E0,2.500000000E1
4.418406249E-1,9.511451306E-2,7.092517445E0,6.919800000E-4,1.799999952E0,2.500000000E1
4.501712078E-1,9.504545591E-2,7.096882891E0,6.914730000E-4,1.799999952E0,2.500000000E1
4.668320830E-1,9.507941775E-2,7.099498873E0,6.909690000E-4,1.799999952E0,2.500000000E1
4.834934578E-1,9.525135854E-2,7.139815643E0,6.904650000E-4,1.799999952E0,2.500000000E1
5.001546249E-1,9.533465175E-2,7.152301026E0,6.898740000E-4,1.799999952E0,2.500000000E1
5.168157499E-1,9.526169512E-2,7.155286175E0,6.893370000E-4,1.799999952E0,2.500000000E1
5.334767909E-1,9.529517481E-2,7.162473679E0,6.888140000E-4,1.799999952E0,2.500000000E1
5.501380409E-1,9.532765637E-2,7.187323838E0,6.882510000E-4,1.799999952E0,2.500000000E1
5.667994157E-1,9.544234841E-2,7.196140801E0,6.876480000E-4,1.799999952E0,2.500000000E1
5.792954159E-1,9.542701272E-2,7.203918855E0,6.871260000E-4,1.799999952E0,2.500000000E1
5.959565409E-1,9.537157414E-2,7.205417369E0,6.866220000E-4,1.799999952E0,2.500000000E1
6.126176249E-1,9.546056008E-2,7.217506768E0,6.861180000E-4,1.799999952E0,2.500000000E1
6.251136658E-1,9.545378463E-2,7.225890552E0,6.855710000E-4,1.799999952E0,2.500000000E1
6.376093749E-1,9.547499069E-2,7.228929566E0,6.851050000E-4,1.799999952E0,2.500000000E1
6.542704159E-1,9.552311246E-2,7.240148299E0,6.846460000E-4,1.799999952E0,2.500000000E1
6.626011659E-1,9.545028271E-2,7.241360171E0,6.841130000E-4,1.799999952E0,2.500000000E1
6.792622909E-1,9.494906858E-2,7.164233438E0,6.835540000E-4,1.799999952E0,2.500000000E1
7.000884158E-1,9.495007517E-2,7.167045438E0,6.830360000E-4,1.799999952E0,2.500000000E1
7.167500828E-1,9.494170102E-2,7.170160286E0,6.825690000E-4,1.799999952E0,2.500000000E1
7.334109999E-1,9.503564377E-2,7.175834486E0,6.821050000E-4,1.799999952E0,2.500000000E1
7.459072080E-1,9.471719762E-2,7.110543964E0,6.855600000E-4,1.799999952E0,2.500000000E1
7.625682498E-1,9.476672354E-2,7.120038043E0,6.850330000E-4,1.799999952E0,2.500000000E1
7.792292498E-1,9.482266964E-2,7.127140472E0,6.844870000E-4,1.799999952E0,2.500000000E1
7.958906658E-1,9.476268026E-2,7.092990946E0,6.879540000E-4,1.799999952E0,2.500000000E1
8.083866658E-1,9.480494012E-2,7.092025424E0,6.874860000E-4,1.799999952E0,2.500000000E1
8.250479999E-1,9.467156272E-2,7.087735611E0,6.869640000E-4,1.799999952E0,2.500000000E1
8.375436659E-1,9.465819791E-2,7.092396967E0,6.864970000E-4,1.799999952E0,2.500000000E1
8.500394579E-1,9.466715572E-2,7.090617996E0,6.860500000E-4,1.799999952E0,2.500000000E1
8.708657909E-1,9.460059390E-2,7.098518957E0,6.855160000E-4,1.799999952E0,2.500000000E1
8.791965828E-1,9.457527689E-2,7.096348832E0,6.850160000E-4,1.799999952E0,2.500000000E1
9.000229998E-1,9.455049279E-2,7.101062915E0,6.845300000E-4,1.799999952E0,2.500000000E1
9.125190829E-1,9.456818001E-2,7.063804028E0,6.879990000E-4,1.799999952E0,2.500000000E1
9.250150409E-1,9.463280478E-2,7.071497741E0,6.874840000E-4,1.799999952E0,2.500000000E1
9.416762078E-1,9.457213870E-2,7.074206558E0,6.869490000E-4,1.799999952E0,2.500000000E1
9.583373750E-1,9.457536994E-2,7.074606757E0,6.864210000E-4,1.799999952E0,2.500000000E1
9.666676249E-1,9.458047902E-2,7.045332816E0,6.898990000E-4,1.799999952E0,2.500000000E1
9.833288328E-1,9.453909886E-2,7.039420855E0,6.894370000E-4,1.799999952E0,2.500000000E1
9.999896658E-1,9.451984677E-2,7.046420677E0,6.889210000E-4,1.799999952E0,2.500000000E1
1.016651250E0,9.455687068E-2,7.009510102E0,6.924120000E-4,1.799999952E0,2.500000000E1
1.033312583E0,9.453598605E-2,6.977362740E0,6.959210000E-4,1.799999952E0,2.500000000E1
1.049973791E0,9.455288661E-2,6.981960770E0,6.954480000E-4,1.799999952E0,2.500000000E1
1.062469708E0,9.456041489E-2,6.947435542E0,6.989720000E-4,1.799999952E0,2.500000000E1
1.074965458E0,9.454160265E-2,6.950535043E0,6.984280000E-4,1.799999952E0,2.500000000E1
1.091626833E0,9.497379347E-2,6.995576146E0,7.019640000E-4,1.799999952E0,2.500000000E1
1.108288000E0,9.501992744E-2,7.001473956E0,7.014820000E-4,1.799999952E0,2.500000000E1
1.120783750E0,9.508053430E-2,7.021523659E0,7.008400000E-4,1.799999952E0,2.500000000E1
1.133279250E0,9.518295272E-2,6.986590786E0,7.043860000E-4,1.799999952E0,2.500000000E1
1.145775541E0,9.581087876E-2,7.094884606E0,7.037760000E-4,1.799999952E0,2.500000000E1
1.162436791E0,9.572863444E-2,7.099918811E0,7.032420000E-4,1.799999952E0,2.500000000E1
1.179098041E0,9.579483254E-2,7.065358863E0,7.067950000E-4,1.799999952E0,2.500000000E1
1.199924125E0,9.580727534E-2,7.072525220E0,7.062450000E-4,1.799999952E0,2.500000000E1
1.212420250E0,9.619515083E-2,7.132140458E0,7.056470000E-4,1.799999952E0,2.500000000E1
1.233246416E0,9.613040764E-2,7.130099258E0,7.051490000E-4,1.799999952E0,2.500000000E1
1.249907791E0,9.624410155E-2,7.141039657E0,7.046700000E-4,1.799999952E0,2.500000000E1
1.266568416E0,9.624889766E-2,7.152522133E0,7.040730000E-4,1.799999952E0,2.500000000E1
1.283230375E0,9.641360623E-2,7.185450292E0,7.034770000E-4,1.799999952E0,2.500000000E1
1.299891416E0,9.641200753E-2,7.185963124E0,7.029990000E-4,1.799999952E0,2.500000000E1
1.316552708E0,9.637677688E-2,7.193532495E0,7.024840000E-4,1.799999952E0,2.500000000E1
1.333213791E0,9.635228037E-2,7.196334262E0,7.019510000E-4,1.799999952E0,2.500000000E1
1.349874833E0,9.646796209E-2,7.215036293E0,7.014050000E-4,1.799999952E0,2.500000000E1
1.362370916E0,9.649571521E-2,7.224019738E0,7.009280000E-4,1.799999952E0,2.500000000E1
1.379032000E0,9.654441217E-2,7.230555422E0,7.003000000E-4,1.799999952E0,2.500000000E1
1.391528166E0,9.650403861E-2,7.236977578E0,6.997900000E-4,1.799999952E0,2.500000000E1
1.404023958E0,9.660732827E-2,7.245951975E0,6.993140000E-4,1.799999952E0,2.500000000E1
1.420685166E0,9.658474344E-2,7.253647938E0,6.988010000E-4,1.799999952E0,2.500000000E1
1.437346125E0,9.654022509E-2,7.255837357E0,6.982440000E-4,1.799999952E0,2.500000000E1
1.449842041E0,9.653293366E-2,7.263197628E0,6.977690000E-4,1.799999952E0,2.500000000E1
1.466502458E0,9.656070370E-2,7.265857412E0,6.972400000E-4,1.799999952E0,2.500000000E1
1.478999125E0,9.652455105E-2,7.274030402E0,6.966980000E-4,1.799999952E0,2.500000000E1
1.495660208E0,9.654498736E-2,7.283457550E0,6.961220000E-4,1.799999952E0,2.500000000E1
1.512321666E0,9.655213500E-2,7.286853365E0,6.956450000E-4,1.799999952E0,2.500000000E1
1.524817541E0,9.655280324E-2,7.294156430E0,6.950220000E-4,1.799999952E0,2.500000000E1
1.541478833E0,9.654637460E-2,7.298275416E0,6.945010000E-4,1.799999952E0,2.500000000E1
1.553974625E0,9.649624811E-2,7.287414475E0,6.939610000E-4,1.799999952E0,2.500000000E1
1.562305250E0,9.645137450E-2,7.292816283E0,6.934420000E-4,1.799999952E0,2.500000000E1
1.583131500E0,9.647060121E-2,7.301044067E0,6.929340000E-4,1.799999952E0,2.500000000E1
1.595627458E0,9.643520139E-2,7.305954332E0,6.923470000E-4,1.799999952E0,2.500000000E1
1.612288583E0,9.600692696E-2,7.232092473E0,6.918760000E-4,1.799999952E0,2.500000000E1
1.628949958E0,9.604412850E-2,7.235675415E0,6.913380000E-4,1.799999952E0,2.500000000E1
1.649776208E0,9.597425931E-2,7.240602630E0,6.908070000E-4,1.799999952E0,2.500000000E1
1.666437250E0,9.594475523E-2,7.244270600E0,6.902420000E-4,1.799999952E0,2.500000000E1
1.683098500E0,9.576766307E-2,7.229907049E0,6.897340000E-4,1.799999952E0,2.500000000E1
1.699759750E0,9.577534360E-2,7.236809093E0,6.892170000E-4,1.799999952E0,2.500000000E1
1.716417958E0,9.574832639E-2,7.238159569E0,6.887010000E-4,1.799999952E0,2.500000000E1
1.733081541E0,9.583880952E-2,7.249463373E0,6.881510000E-4,1.799999952E0,2.500000000E1
1.749743291E0,9.572377913E-2,7.238592969E0,6.876460000E-4,1.799999952E0,2.500000000E1
1.766404458E0,9.569236337E-2,7.244783416E0,6.871310000E-4,1.799999952E0,2.500000000E1
1.783065625E0,9.564181394E-2,7.248573927E0,6.865920000E-4,1.799999952E0,2.500000000E1
1.799726541E0,9.566268165E-2,7.257463399E0,6.860550000E-4,1.799999952E0,2.500000000E1
1.816388041E0,9.563821052E-2,7.259685256E0,6.855080000E-4,1.799999952E0,2.500000000E1
1.833049083E0,9.567523442E-2,7.266583817E0,6.850080000E-4,1.799999952E0,2.500000000E1
1.849710375E0,9.565567782E-2,7.267907769E0,6.844620000E-4,1.799999952E0,2.500000000E1
1.866371583E0,9.567050599E-2,7.276839075E0,6.838830000E-4,1.799999952E0,2.500000000E1
1.883032833E0,9.512329323E-2,7.185182452E0,6.834150000E-4,1.799999952E0,2.500000000E1
1.899693875E0,9.515568174E-2,7.187821402E0,6.829120000E-4,1.799999952E0,2.500000000E1
1.920520416E0,9.513655653E-2,7.194688084E0,6.824480000E-4,1.799999952E0,2.500000000E1
1.933016208E0,9.506086773E-2,7.195875790E0,6.819570000E-4,1.799999952E0,2.500000000E1
1.945512291E0,9.493630434E-2,7.174534029E0,6.814670000E-4,1.799999952E0,2.500000000E1
1.962173583E0,9.489332549E-2,7.176478472E0,6.809170000E-4,1.799999952E0,2.500000000E1
1.974669541E0,9.482535952E-2,7.184287052E0,6.803610000E-4,1.799999952E0,2.500000000E1
1.991330666E0,9.482305874E-2,7.188460854E0,6.798050000E-4,1.799999952E0,2.500000000E1
2.003826416E0,9.487594278E-2,7.192735985E0,6.793430000E-4,1.799999952E0,2.500000000E1
2.016322208E0,9.476029489E-2,7.186764451E0,6.788450000E-4,1.799999952E0,2.500000000E1
2.037148791E0,9.476616526E-2,7.193865910E0,6.783450000E-4,1.799999952E0,2.500000000E1
2.049644625E0,9.482590088E-2,7.203251908E0,6.778510000E-4,1.799999952E0,2.500000000E1
2.062140583E0,9.478781963E-2,7.203982640E0,6.773870000E-4,1.799999952E0,2.500000000E1
2.074636416E0,9.481419398E-2,7.168615807E0,6.808170000E-4,1.799999952E0,2.500000000E1
2.091297875E0,9.476875363E-2,7.169017892E0,6.803270000E-4,1.799999952E0,2.500000000E1
2.107958833E0,9.472014972E-2,7.172408748E0,6.798040000E-4,1.799999952E0,2.500000000E1
2.120454666E0,9.469718424E-2,7.175691262E0,6.793720000E-4,1.799999952E0,2.500000000E1
2.132950125E0,9.467172344E-2,7.136140887E0,6.828140000E-4,1.799999952E0,2.500000000E1
2.153777083E0,9.467873573E-2,7.099012544E0,6.862730000E-4,1.799999952E0,2.500000000E1
2.170438125E0,9.472014972E-2,7.104528722E0,6.858020000E-4,1.799999952E0,2.500000000E1
2.178768875E0,9.467832971E-2,7.108991475E0,6.852420000E-4,1.799999952E0,2.500000000E1
2.203760458E0,9.462472668E-2,7.069996056E0,6.887140000E-4,1.799999952E0,2.500000000E1
2.220421708E0,9.471751059E-2,7.076845813E0,6.882120000E-4,1.799999952E0,2.500000000E1
2.232917541E0,9.475733434E-2,7.044757154E0,6.916980000E-4,1.799999952E0,2.500000000E1
2.249578625E0,9.461856872E-2,6.999057681E0,6.952030000E-4,1.799999952E0,2.500000000E1
2.262074750E0,9.458848944E-2,6.965086956E0,6.987260000E-4,1.799999952E0,2.500000000E1
2.282901083E0,9.515587629E-2,7.051755973E0,6.982030000E-4,1.799999952E0,2.500000000E1
2.299562250E0,9.517042532E-2,7.055055641E0,6.976940000E-4,1.799999952E0,2.500000000E1
2.312058291E0,9.521358181E-2,7.061705179E0,6.972200000E-4,1.799999952E0,2.500000000E1
2.324554166E0,9.522975492E-2,7.069690279E0,6.966570000E-4,1.799999952E0,2.500000000E1
2.341215333E0,9.516570535E-2,7.077347078E0,6.961560000E-4,1.799999952E0,2.500000000E1
2.357876583E0,9.593343744E-2,7.146447540E0,6.996720000E-4,1.799999952E0,2.500000000E1
2.370372416E0,9.597952065E-2,7.154735193E0,6.992160000E-4,1.799999952E0,2.500000000E1
2.387033625E0,9.596563140E-2,7.160970485E0,6.986930000E-4,1.799999952E0,2.500000000E1
2.399529291E0,9.594731823E-2,7.163000445E0,6.981700000E-4,1.799999952E0,2.500000000E1
2.416190416E0,9.616804903E-2,7.214772324E0,6.976350000E-4,1.799999952E0,2.500000000E1
2.437016041E0,9.628388300E-2,7.224329761E0,6.970890000E-4,1.799999952E0,2.500000000E1
2.445347750E0,9.615651131E-2,7.230419260E0,6.965880000E-4,1.799999952E0,2.500000000E1
2.462008750E0,9.629698559E-2,7.237004289E0,6.961110000E-4,1.799999952E0,2.500000000E1
2.474504958E0,9.620935305E-2,7.238815341E0,6.955650000E-4,1.799999952E0,2.500000000E1
2.491166083E0,9.649934401E-2,7.271745347E0,6.950980000E-4,1.799999952E0,2.500000000E1
2.503661875E0,9.632099149E-2,7.259243405E0,6.945780000E-4,1.799999952E0,2.500000000E1
2.520322958E0,9.633412791E-2,7.265979734E0,6.939150000E-4,1.799999952E0,2.500000000E1
2.528653583E0,9.639745004E-2,7.274680918E0,6.934090000E-4,1.799999952E0,2.500000000E1
2.549479875E0,9.596492086E-2,7.214490723E0,6.929380000E-4,1.799999952E0,2.500000000E1
2.561976125E0,9.592097771E-2,7.216501055E0,6.924300000E-4,1.799999952E0,2.500000000E1
2.578637166E0,9.594481444E-2,7.220787411E0,6.919590000E-4,1.799999952E0,2.500000000E1
2.595298333E0,9.599603211E-2,7.229577420E0,6.914860000E-4,1.799999952E0,2.500000000E1
2.607794375E0,9.596938708E-2,7.193822298E0,6.949780000E-4,1.799999952E0,2.500000000E1
2.624455333E0,9.579668500E-2,7.180774279E0,6.944100000E-4,1.799999952E0,2.500000000E1
2.636951250E0,9.577234075E-2,7.184906992E0,6.938330000E-4,1.799999952E0,2.500000000E1
2.653612375E0,9.573525764E-2,7.185091814E0,6.933610000E-4,1.799999952E0,2.500000000E1
2.661943000E0,9.576339140E-2,7.190523348E0,6.928860000E-4,1.799999952E0,2.500000000E1
2.674438708E0,9.577663779E-2,7.201103676E0,6.922920000E-4,1.799999952E0,2.500000000E1
2.691100166E0,9.574773428E-2,7.192863116E0,6.917840000E-4,1.799999952E0,2.500000000E1
2.707761250E0,9.577630790E-2,7.200557842E0,6.912460000E-4,1.799999952E0,2.500000000E1
2.724422541E0,9.575297869E-2,7.207841552E0,6.907390000E-4,1.799999952E0,2.500000000E1
2.736918250E0,9.572371146E-2,7.211795068E0,6.901470000E-4,1.799999952E0,2.500000000E1
2.749413958E0,9.565433288E-2,7.211956534E0,6.896910000E-4,1.799999952E0,2.500000000E1
2.761910000E0,9.577969139E-2,7.220362951E0,6.891850000E-4,1.799999952E0,2.500000000E1
2.786901625E0,9.570923010E-2,7.221094374E0,6.886820000E-4,1.799999952E0,2.500000000E1
2.799397333E0,9.570002699E-2,7.226661202E0,6.881750000E-4,1.799999952E0,2.500000000E1
2.811893791E0,9.564190699E-2,7.229092546E0,6.876730000E-4,1.799999952E0,2.500000000E1
2.836885458E0,9.556361290E-2,7.231164299E0,6.871180000E-4,1.799999952E0,2.500000000E1
2.853546375E0,9.558601164E-2,7.237277583E0,6.866310000E-4,1.799999952E0,2.500000000E1
2.866042375E0,9.561571027E-2,7.240865518E0,6.861370000E-4,1.799999952E0,2.500000000E1
2.878538333E0,9.558270427E-2,7.247776026E0,6.856230000E-4,1.799999952E0,2.500000000E1
2.895199541E0,9.560351277E-2,7.253256806E0,6.850390000E-4,1.799999952E0,2.500000000E1
2.911860666E0,9.565637989E-2,7.260405760E0,6.844920000E-4,1.799999952E0,2.500000000E1
2.924356750E0,9.564863169E-2,7.266854089E0,6.839600000E-4,1.799999952E0,2.500000000E1
2.941017833E0,9.564599256E-2,7.271625439E0,6.833610000E-4,1.799999952E0,2.500000000E1
2.957678916E0,9.518299501E-2,7.186545652E0,6.828630000E-4,1.799999952E0,2.500000000E1
2.974340250E0,9.509519330E-2,7.183240522E0,6.824050000E-4,1.799999952E0,2.500000000E1
2.978505541E0,9.509718956E-2,7.191021337E0,6.819270000E-4,1.799999952E0,2.500000000E1
2.999331416E0,9.513731782E-2,7.199650887E0,6.814370000E-4,1.799999952E0,2.500000000E1
3.015992958E0,9.478734594E-2,7.168495899E0,6.809470000E-4,1.799999952E0,2.500000000E1
3.036819541E0,9.473483409E-2,7.171991408E0,6.804570000E-4,1.799999952E0,2.500000000E1
3.049315291E0,9.488983203E-2,7.140038972E0,6.839020000E-4,1.799999952E0,2.500000000E1
3.070141875E0,9.477213713E-2,7.142117500E0,6.833430000E-4,1.799999952E0,2.500000000E1
3.086803125E0,9.470851049E-2,7.131278317E0,6.828450000E-4,1.799999952E0,2.500000000E1
3.099298875E0,9.474243850E-2,7.140267353E0,6.823340000E-4,1.799999952E0,2.500000000E1
3.115960041E0,9.468377714E-2,7.141986364E0,6.818100000E-4,1.799999952E0,2.500000000E1
3.132621041E0,9.459636453E-2,7.141729746E0,6.813470000E-4,1.799999952E0,2.500000000E1
3.145117083E0,9.458013221E-2,7.141886859E0,6.807630000E-4,1.799999952E0,2.500000000E1
3.161778375E0,9.463505480E-2,7.150873480E0,6.803200000E-4,1.799999952E0,2.500000000E1
3.182604708E0,9.467591897E-2,7.154464968E0,6.798770000E-4,1.799999952E0,2.500000000E1
3.199264875E0,9.464645718E-2,7.162987608E0,6.793980000E-4,1.799999952E0,2.500000000E1
3.215927041E0,9.448246761E-2,7.113092968E0,6.828410000E-4,1.799999952E0,2.500000000E1
3.236753583E0,9.458453075E-2,7.123323960E0,6.823730000E-4,1.799999952E0,2.500000000E1
3.249249416E0,9.466334083E-2,7.129511640E0,6.818760000E-4,1.799999952E0,2.500000000E1
3.265910458E0,9.457313683E-2,7.133650623E0,6.812850000E-4,1.799999952E0,2.500000000E1
3.282571875E0,9.461510909E-2,7.136687732E0,6.807420000E-4,1.799999952E0,2.500000000E1
3.295067750E0,9.453360914E-2,7.140602520E0,6.802790000E-4,1.799999952E0,2.500000000E1
3.320059583E0,9.448997051E-2,7.138792127E0,6.798170000E-4,1.799999952E0,2.500000000E1
3.332554750E0,9.447834820E-2,7.144983732E0,6.793190000E-4,1.799999952E0,2.500000000E1
3.349216458E0,9.455647311E-2,7.116208581E0,6.827610000E-4,1.799999952E0,2.500000000E1
3.365877458E0,9.467264544E-2,7.084490355E0,6.862200000E-4,1.799999952E0,2.500000000E1
3.382538833E0,9.452861003E-2,7.083785878E0,6.857330000E-4,1.799999952E0,2.500000000E1
3.399200083E0,9.463371832E-2,7.089341444E0,6.852200000E-4,1.799999952E0,2.500000000E1
3.415861125E0,9.457971773E-2,7.092884704E0,6.847210000E-4,1.799999952E0,2.500000000E1
3.432522291E0,9.453179051E-2,7.098462484E0,6.842080000E-4,1.799999952E0,2.500000000E1
3.449183333E0,9.447244400E-2,7.102613861E0,6.836420000E-4,1.799999952E0,2.500000000E1
3.465844583E0,9.457396579E-2,7.107962459E0,6.831840000E-4,1.799999952E0,2.500000000E1
3.482505916E0,9.451556665E-2,7.112670035E0,6.826860000E-4,1.799999952E0,2.500000000E1
3.495001791E0,9.451176022E-2,7.077265463E0,6.861460000E-4,1.799999952E0,2.500000000E1
3.507497875E0,9.446034800E-2,7.079858252E0,6.856530000E-4,1.799999952E0,2.500000000E1
3.524159125E0,9.445753970E-2,7.082123947E0,6.852180000E-4,1.799999952E0,2.500000000E1
3.536654791E0,9.457783989E-2,7.091835715E0,6.847190000E-4,1.799999952E0,2.500000000E1
3.553315958E0,9.442015207E-2,7.047886222E0,6.881900000E-4,1.799999952E0,2.500000000E1
3.561646666E0,9.445136482E-2,7.012764539E0,6.916780000E-4,1.799999952E0,2.500000000E1
3.578307750E0,9.445860550E-2,6.974766095E0,6.951840000E-4,1.799999952E0,2.500000000E1
3.594968750E0,9.445441843E-2,6.979629708E0,6.947320000E-4,1.799999952E0,2.500000000E1
3.611629916E0,9.504723225E-2,7.021609450E0,6.982480000E-4,1.799999952E0,2.500000000E1
3.624125875E0,9.498472216E-2,7.028645837E0,6.977940000E-4,1.799999952E0,2.500000000E1
3.640787083E0,9.497387806E-2,6.991246396E0,7.013260000E-4,1.799999952E0,2.500000000E1
3.653283083E0,9.501494524E-2,6.995988530E0,7.008810000E-4,1.799999952E0,2.500000000E1
3.665778750E0,9.503312307E-2,6.967893090E0,7.044280000E-4,1.799999952E0,2.500000000E1
3.678274750E0,9.572897279E-2,7.080207452E0,7.039490000E-4,1.799999952E0,2.500000000E1
3.690770708E0,9.569065470E-2,7.081117534E0,7.033880000E-4,1.799999952E0,2.500000000E1
3.711597208E0,9.568386234E-2,7.084830122E0,7.029100000E-4,1.799999952E0,2.500000000E1
3.724092958E0,9.574626246E-2,7.094150251E0,7.024290000E-4,1.799999952E0,2.500000000E1
3.736588791E0,9.573405649E-2,7.100032723E0,7.017420000E-4,1.799999952E0,2.500000000E1
3.753250041E0,9.609403506E-2,7.160730891E0,7.011690000E-4,1.799999952E0,2.500000000E1
3.765745875E0,9.607436849E-2,7.120062000E0,7.047090000E-4,1.799999952E0,2.500000000E1
3.782406916E0,9.612756550E-2,7.127224054E0,7.042090000E-4,1.799999952E0,2.500000000E1
3.799068166E0,9.609024554E-2,7.130295345E0,7.037100000E-4,1.799999952E0,2.500000000E1
3.815729458E0,9.629463406E-2,7.160169969E0,7.032110000E-4,1.799999952E0,2.500000000E1
3.832390333E0,9.620822804E-2,7.164130131E0,7.026250000E-4,1.799999952E0,2.500000000E1
3.849051541E0,9.622394438E-2,7.169177015E0,7.021440000E-4,1.799999952E0,2.500000000E1
3.865712791E0,9.622318309E-2,7.174062902E0,7.016630000E-4,1.799999952E0,2.500000000E1
3.882374083E0,9.631628843E-2,7.189664644E0,7.011030000E-4,1.799999952E0,2.500000000E1
3.890704875E0,9.622775081E-2,7.195307503E0,7.005430000E-4,1.799999952E0,2.500000000E1
3.907366041E0,9.629839820E-2,7.202943967E0,6.999700000E-4,1.799999952E0,2.500000000E1
3.919861791E0,9.636844502E-2,7.209661385E0,6.994570000E-4,1.799999952E0,2.500000000E1
3.928192291E0,9.629883805E-2,7.214002748E0,6.989540000E-4,1.799999952E0,2.500000000E1
3.949018458E0,9.629526847E-2,7.218280234E0,6.984450000E-4,1.799999952E0,2.500000000E1
3.965679875E0,9.629936250E-2,7.223492427E0,6.979360000E-4,1.799999952E0,2.500000000E1
3.986506416E0,9.624772189E-2,7.227777028E0,6.974140000E-4,1.799999952E0,2.500000000E1
3.999002041E0,9.633298598E-2,7.195902700E0,7.009330000E-4,1.799999952E0,2.500000000E1
4.015663375E0,9.636571285E-2,7.204107601E0,7.003610000E-4,1.799999952E0,2.500000000E1
4.036489958E0,9.635207736E-2,7.210695616E0,6.998020000E-4,1.799999952E0,2.500000000E1
4.048985833E0,9.632620207E-2,7.212684323E0,6.993110000E-4,1.799999952E0,2.500000000E1
4.061481791E0,9.633135345E-2,7.219084567E0,6.986430000E-4,1.799999952E0,2.500000000E1
4.073977708E0,9.636375888E-2,7.222740258E0,6.981680000E-4,1.799999952E0,2.500000000E1
4.090638791E0,9.637072042E-2,7.234146390E0,6.976660000E-4,1.799999952E0,2.500000000E1
4.103134833E0,9.633620876E-2,7.237954243E0,6.970710000E-4,1.799999952E0,2.500000000E1
4.119795875E0,9.636924860E-2,7.243142886E0,6.965970000E-4,1.799999952E0,2.500000000E1
4.132291708E0,9.636750610E-2,7.245961820E0,6.960760000E-4,1.799999952E0,2.500000000E1
4.148952791E0,9.632629512E-2,7.247846940E0,6.954870000E-4,1.799999952E0,2.500000000E1
4.165613875E0,9.633296061E-2,7.256269268E0,6.949800000E-4,1.799999952E0,2.500000000E1
4.178110083E0,9.632637971E-2,7.258809421E0,6.943440000E-4,1.799999952E0,2.500000000E1
4.198936375E0,9.628386609E-2,7.258002571E0,6.938000000E-4,1.799999952E0,2.500000000E1
4.219762625E0,9.577657858E-2,7.178497850E0,6.932890000E-4,1.799999952E0,2.500000000E1
4.232258833E0,9.564890237E-2,7.138736767E0,6.967930000E-4,1.799999952E0,2.500000000E1
4.248919875E0,9.576217334E-2,7.144144769E0,6.963190000E-4,1.799999952E0,2.500000000E1
4.265580916E0,9.569587375E-2,7.148914033E0,6.958180000E-4,1.799999952E0,2.500000000E1
4.282242333E0,9.560166877E-2,7.133756341E0,6.953180000E-4,1.799999952E0,2.500000000E1
4.298903208E0,9.557254533E-2,7.139878897E0,6.947430000E-4,1.799999952E0,2.500000000E1
4.315564458E0,9.542820540E-2,7.135525255E0,6.942370000E-4,1.799999952E0,2.500000000E1
4.332225666E0,9.557143723E-2,7.142844070E0,6.937170000E-4,1.799999952E0,2.500000000E1
4.348886791E0,9.538264663E-2,7.130471212E0,6.932180000E-4,1.799999952E0,2.500000000E1
4.361382958E0,9.525222979E-2,7.130001737E0,6.927120000E-4,1.799999952E0,2.500000000E1
4.378044041E0,9.536742090E-2,7.140181061E0,6.922610000E-4,1.799999952E0,2.500000000E1
4.394705166E0,9.537077056E-2,7.146654661E0,6.917560000E-4,1.799999952E0,2.500000000E1
4.411366291E0,9.535840389E-2,7.144954335E0,6.911840000E-4,1.799999952E0,2.500000000E1
4.428027458E0,9.527568588E-2,7.146663379E0,6.906260000E-4,1.799999952E0,2.500000000E1
4.440523458E0,9.537572738E-2,7.155744937E0,6.901540000E-4,1.799999952E0,2.500000000E1
4.461350041E0,9.539468342E-2,7.161733504E0,6.896510000E-4,1.799999952E0,2.500000000E1
4.469680458E0,9.529194357E-2,7.164128241E0,6.890760000E-4,1.799999952E0,2.500000000E1
4.482176166E0,9.530242395E-2,7.163989333E0,6.885600000E-4,1.799999952E0,2.500000000E1
4.494672333E0,9.529512406E-2,7.169525366E0,6.880920000E-4,1.799999952E0,2.500000000E1
4.511333458E0,9.530128202E-2,7.177899320E0,6.875540000E-4,1.799999952E0,2.500000000E1
4.523829458E0,9.531009603E-2,7.184121502E0,6.870060000E-4,1.799999952E0,2.500000000E1
4.540490458E0,9.530288072E-2,7.187330722E0,6.865360000E-4,1.799999952E0,2.500000000E1
4.552986250E0,9.524918465E-2,7.190534203E0,6.859210000E-4,1.799999952E0,2.500000000E1
4.569647708E0,9.518586252E-2,7.192457842E0,6.853500000E-4,1.799999952E0,2.500000000E1
4.577978333E0,9.521787885E-2,7.200692135E0,6.848640000E-4,1.799999952E0,2.500000000E1
4.598800041E0,9.520060611E-2,7.196709522E0,6.844290000E-4,1.799999952E0,2.500000000E1
4.615465583E0,9.472216290E-2,7.118255705E0,6.839590000E-4,1.799999952E0,2.500000000E1
4.636292041E0,9.467783065E-2,7.079340632E0,6.874240000E-4,1.799999952E0,2.500000000E1
4.652953208E0,9.463969019E-2,7.080895842E0,6.868890000E-4,1.799999952E0,2.500000000E1
4.665449041E0,9.470898418E-2,7.087781977E0,6.863750000E-4,1.799999952E0,2.500000000E1
4.677945125E0,9.449996874E-2,7.025064179E0,6.898540000E-4,1.799999952E0,2.500000000E1
4.694606375E0,9.441764829E-2,6.985229140E0,6.933510000E-4,1.799999952E0,2.500000000E1
4.711267500E0,9.456116771E-2,6.993143862E0,6.928800000E-4,1.799999952E0,2.500000000E1
4.727928583E0,9.439188297E-2,6.949724510E0,6.963920000E-4,1.799999952E0,2.500000000E1
4.740424500E0,9.437352750E-2,6.952676014E0,6.958640000E-4,1.799999952E0,2.500000000E1
4.757085708E0,9.488885081E-2,6.983941927E0,6.993870000E-4,1.799999952E0,2.500000000E1
4.773746916E0,9.483542542E-2,6.991697499E0,6.989120000E-4,1.799999952E0,2.500000000E1
4.786242541E0,9.487447096E-2,6.997120281E0,6.984090000E-4,1.799999952E0,2.500000000E1
4.798738333E0,9.483931644E-2,6.962723767E0,7.019460000E-4,1.799999952E0,2.500000000E1
4.819564916E0,9.548631694E-2,7.066427769E0,7.013860000E-4,1.799999952E0,2.500000000E1
4.832060875E0,9.552477037E-2,7.075099058E0,7.008450000E-4,1.799999952E0,2.500000000E1
4.848722041E0,9.543330602E-2,7.075107222E0,7.003410000E-4,1.799999952E0,2.500000000E1
4.865383250E0,9.547952457E-2,7.080535092E0,6.998650000E-4,1.799999952E0,2.500000000E1
4.877878958E0,9.575529639E-2,7.132250546E0,6.991630000E-4,1.799999952E0,2.500000000E1
4.894540333E0,9.575473811E-2,7.138871402E0,6.986880000E-4,1.799999952E0,2.500000000E1
4.915366625E0,9.577251838E-2,7.142503928E0,6.982130000E-4,1.799999952E0,2.500000000E1
4.927862666E0,9.580415407E-2,7.149330892E0,6.977110000E-4,1.799999952E0,2.500000000E1
4.944523916E0,9.598770871E-2,7.179712512E0,6.971550000E-4,1.799999952E0,2.500000000E1
4.957019875E0,9.590769749E-2,7.182687377E0,6.966470000E-4,1.799999952E0,2.500000000E1
4.969515166E0,9.593732846E-2,7.188725657E0,6.961050000E-4,1.799999952E0,2.500000000E1
4.986176708E0,9.590384877E-2,7.192877137E0,6.954950000E-4,1.799999952E0,2.500000000E1
4.998672416E0,9.595960878E-2,7.200106943E0,6.948580000E-4,1.799999952E0,2.500000000E1
5.015333583E0,9.590724072E-2,7.206060229E0,6.942150000E-4,1.799999952E0,2.500000000E1
5.031994750E0,9.586730701E-2,7.209697401E0,6.936140000E-4,1.799999952E0,2.500000000E1
5.048656125E0,9.595667359E-2,7.218337801E0,6.930400000E-4,1.799999952E0,2.500000000E1
5.061152166E0,9.589286932E-2,7.220784608E0,6.924330000E-4,1.799999952E0,2.500000000E1
5.077813291E0,9.543139435E-2,7.145448897E0,6.919830000E-4,1.799999952E0,2.500000000E1
5.094474333E0,9.551507665E-2,7.157128236E0,6.914790000E-4,1.799999952E0,2.500000000E1
5.106970291E0,9.546094072E-2,7.114567704E0,6.949750000E-4,1.799999952E0,2.500000000E1
5.123631375E0,9.546862972E-2,7.121287922E0,6.944680000E-4,1.799999952E0,2.500000000E1
5.136127083E0,9.543447333E-2,7.126195616E0,6.939340000E-4,1.799999952E0,2.500000000E1
5.152788375E0,9.524361034E-2,7.102992483E0,6.934150000E-4,1.799999952E0,2.500000000E1
5.165284375E0,9.521558653E-2,7.106152150E0,6.929500000E-4,1.799999952E0,2.500000000E1
5.186110791E0,9.525911521E-2,7.112173668E0,6.924790000E-4,1.799999952E0,2.500000000E1
5.198606583E0,9.518951670E-2,7.115090880E0,6.920150000E-4,1.799999952E0,2.500000000E1
5.219433083E0,9.517177872E-2,7.103062490E0,6.915750000E-4,1.799999952E0,2.500000000E1
5.231928875E0,9.504029608E-2,7.106669604E0,6.910680000E-4,1.799999952E0,2.500000000E1
5.248590000E0,9.509722340E-2,7.110972322E0,6.905300000E-4,1.799999952E0,2.500000000E1
5.265251041E0,9.512375000E-2,7.117834972E0,6.900910000E-4,1.799999952E0,2.500000000E1
5.281912583E0,9.503212494E-2,7.072142947E0,6.935840000E-4,1.799999952E0,2.500000000E1
5.298573583E0,9.500382200E-2,7.034317619E0,6.970950000E-4,1.799999952E0,2.500000000E1
5.311069666E0,9.512072177E-2,7.043859868E0,6.965730000E-4,1.799999952E0,2.500000000E1
5.331895875E0,9.493731939E-2,7.007426102E0,7.000990000E-4,1.799999952E0,2.500000000E1
5.352722208E0,9.507822507E-2,7.017189864E0,6.996190000E-4,1.799999952E0,2.500000000E1
5.365218166E0,9.504838263E-2,7.017993822E0,6.991430000E-4,1.799999952E0,2.500000000E1
5.381879458E0,9.502408914E-2,6.981843448E0,7.026820000E-4,1.799999952E0,2.500000000E1
5.398540708E0,9.499020343E-2,6.982276205E0,7.022180000E-4,1.799999952E0,2.500000000E1
5.419367000E0,9.549229727E-2,7.065272769E0,7.017130000E-4,1.799999952E0,2.500000000E1
5.436028375E0,9.550270152E-2,7.031754655E0,7.052610000E-4,1.799999952E0,2.500000000E1
5.452689416E0,9.545095095E-2,7.031582515E0,7.047300000E-4,1.799999952E0,2.500000000E1
5.465185166E0,9.550861418E-2,7.035493069E0,7.042720000E-4,1.799999952E0,2.500000000E1
5.481846250E0,9.567722223E-2,7.069146767E0,7.037450000E-4,1.799999952E0,2.500000000E1
5.494342375E0,9.571077804E-2,7.074816467E0,7.031770000E-4,1.799999952E0,2.500000000E1
5.515168666E0,9.559842061E-2,7.074018808E0,7.026610000E-4,1.799999952E0,2.500000000E1
5.531829875E0,9.561999040E-2,7.083080044E0,7.021460000E-4,1.799999952E0,2.500000000E1
5.552656333E0,9.580176870E-2,7.105856823E0,7.016340000E-4,1.799999952E0,2.500000000E1
5.565152250E0,9.570415485E-2,7.063868889E0,7.051790000E-4,1.799999952E0,2.500000000E1
5.581813500E0,9.575231891E-2,7.070201117E0,7.047140000E-4,1.799999952E0,2.500000000E1
5.594309375E0,9.574846173E-2,7.076696523E0,7.041380000E-4,1.799999952E0,2.500000000E1
5.619301166E0,9.578834468E-2,7.087636523E0,7.036110000E-4,1.799999952E0,2.500000000E1
5.631797041E0,9.577437930E-2,7.097298114E0,7.031330000E-4,1.799999952E0,2.500000000E1
5.644293083E0,9.576522695E-2,7.100558634E0,7.026070000E-4,1.799999952E0,2.500000000E1
5.660954000E0,9.578480047E-2,7.097823816E0,7.021490000E-4,1.799999952E0,2.500000000E1
5.673450041E0,9.576830593E-2,7.104538736E0,7.015680000E-4,1.799999952E0,2.500000000E1
5.690111166E0,9.578076565E-2,7.111341420E0,7.010170000E-4,1.799999952E0,2.500000000E1
5.702606791E0,9.563868421E-2,7.101380252E0,7.004720000E-4,1.799999952E0,2.500000000E1
5.719268041E0,9.573751612E-2,7.119975168E0,6.999130000E-4,1.799999952E0,2.500000000E1
5.727598708E0,9.580662402E-2,7.127356522E0,6.994370000E-4,1.799999952E0,2.500000000E1
5.748424958E0,9.580686932E-2,7.133078844E0,6.989750000E-4,1.799999952E0,2.500000000E1
5.769251666E0,9.571528655E-2,7.132915854E0,6.985070000E-4,1.799999952E0,2.500000000E1
5.777582416E0,9.574104341E-2,7.139727113E0,6.980150000E-4,1.799999952E0,2.500000000E1
5.790078250E0,9.566263090E-2,7.138166547E0,6.975060000E-4,1.799999952E0,2.500000000E1
5.806739375E0,9.575357926E-2,7.147755449E0,6.970040000E-4,1.799999952E0,2.500000000E1
5.823400583E0,9.578671215E-2,7.151726626E0,6.965300000E-4,1.799999952E0,2.500000000E1
5.835896125E0,9.570345278E-2,7.103815347E0,7.000500000E-4,1.799999952E0,2.500000000E1
5.848391958E0,9.573941088E-2,7.074160817E0,7.035870000E-4,1.799999952E0,2.500000000E1
5.860888125E0,9.574556884E-2,7.083447023E0,7.030880000E-4,1.799999952E0,2.500000000E1
5.881714500E0,9.562488801E-2,7.082716920E0,7.026100000E-4,1.799999952E0,2.500000000E1
5.894208083E0,9.573433563E-2,7.092348481E0,7.021630000E-4,1.799999952E0,2.500000000E1
5.915036833E0,9.574036671E-2,7.057369562E0,7.057110000E-4,1.799999952E0,2.500000000E1
5.931697875E0,9.574282821E-2,7.060312294E0,7.052520000E-4,1.799999952E0,2.500000000E1
5.948359000E0,9.569243104E-2,7.062703412E0,7.047450000E-4,1.799999952E0,2.500000000E1
5.965018208E0,9.565892597E-2,7.062585784E0,7.042660000E-4,1.799999952E0,2.500000000E1
5.977516208E0,9.560971303E-2,7.065090734E0,7.037870000E-4,1.799999952E0,2.500000000E1
5.994177375E0,9.562819537E-2,7.062948763E0,7.032880000E-4,1.799999952E0,2.500000000E1
6.010838666E0,9.563312682E-2,7.038324294E0,7.068420000E-4,1.799999952E0,2.500000000E1
6.023334625E0,9.568539337E-2,7.046248249E0,7.062780000E-4,1.799999952E0,2.500000000E1
6.039995541E0,9.559491869E-2,7.044210514E0,7.057700000E-4,1.799999952E0,2.500000000E1
6.052491416E0,9.558150313E-2,7.041924602E0,7.053210000E-4,1.799999952E0,2.500000000E1
6.064987333E0,9.561280893E-2,7.050815631E0,7.047580000E-4,1.799999952E0,2.500000000E1
6.085813583E0,9.614592942E-2,7.133490387E0,7.041960000E-4,1.799999952E0,2.500000000E1
6.098309625E0,9.611602778E-2,7.136467994E0,7.037170000E-4,1.799999952E0,2.500000000E1
6.119136291E0,9.610317050E-2,7.139088500E0,7.032110000E-4,1.799999952E0,2.500000000E1
6.131631958E0,9.605581002E-2,7.142408627E0,7.026430000E-4,1.799999952E0,2.500000000E1
6.144128000E0,9.571054966E-2,7.089482506E0,7.020910000E-4,1.799999952E0,2.500000000E1
6.160789166E0,9.575495804E-2,7.096756207E0,7.016140000E-4,1.799999952E0,2.500000000E1
6.181615416E0,9.586185959E-2,7.064588163E0,7.051580000E-4,1.799999952E0,2.500000000E1
6.194111541E0,9.586241786E-2,7.069335917E0,7.047090000E-4,1.799999952E0,2.500000000E1
6.214937333E0,9.559795538E-2,7.052576974E0,7.041610000E-4,1.799999952E0,2.500000000E1
6.231598875E0,9.565926432E-2,7.055951107E0,7.036790000E-4,1.799999952E0,2.500000000E1
6.252425583E0,9.557625026E-2,7.060439885E0,7.032310000E-4,1.799999952E0,2.500000000E1
6.264921208E0,9.562027799E-2,7.026825704E0,7.067850000E-4,1.799999952E0,2.500000000E1
6.281582375E0,9.560311521E-2,6.987049312E0,7.103570000E-4,1.799999952E0,2.500000000E1
6.298243541E0,9.566067693E-2,6.989280970E0,7.099050000E-4,1.799999952E0,2.500000000E1
6.314904666E0,9.545162765E-2,6.983155566E0,7.093390000E-4,1.799999952E0,2.500000000E1
6.327400750E0,9.544886164E-2,6.986701022E0,7.088780000E-4,1.799999952E0,2.500000000E1
6.344061916E0,9.595079477E-2,7.028207646E0,7.124580000E-4,1.799999952E0,2.500000000E1
6.364888375E0,9.600755291E-2,7.035311929E0,7.118830000E-4,1.799999952E0,2.500000000E1
6.377384291E0,9.598739573E-2,7.037904658E0,7.113990000E-4,1.799999952E0,2.500000000E1
6.394045250E0,9.600450776E-2,7.044047688E0,7.108800000E-4,1.799999952E0,2.500000000E1
6.410706500E0,9.610396562E-2,7.075276683E0,7.103620000E-4,1.799999952E0,2.500000000E1
6.423202416E0,9.616027545E-2,7.083075607E0,7.098410000E-4,1.799999952E0,2.500000000E1
6.439863666E0,9.617820797E-2,7.086428347E0,7.093310000E-4,1.799999952E0,2.500000000E1
6.452359416E0,9.619760386E-2,7.088360593E0,7.088460000E-4,1.799999952E0,2.500000000E1
6.469020750E0,9.612899503E-2,7.093594097E0,7.082950000E-4,1.799999952E0,2.500000000E1
6.477351375E0,9.623549901E-2,7.115129028E0,7.077650000E-4,1.799999952E0,2.500000000E1
6.498177541E0,9.625072474E-2,7.119854983E0,7.072910000E-4,1.799999952E0,2.500000000E1
6.514838833E0,9.627808031E-2,7.122884511E0,7.068300000E-4,1.799999952E0,2.500000000E1
6.531499791E0,9.623100742E-2,7.125427670E0,7.063700000E-4,1.799999952E0,2.500000000E1
6.548160958E0,9.621495274E-2,7.140814744E0,7.058550000E-4,1.799999952E0,2.500000000E1
6.564822166E0,9.633321437E-2,7.142851778E0,7.052370000E-4,1.799999952E0,2.500000000E1
6.585648625E0,9.631485891E-2,7.148786943E0,7.046850000E-4,1.799999952E0,2.500000000E1
6.598144541E0,9.619797605E-2,7.152828302E0,7.041710000E-4,1.799999952E0,2.500000000E1
6.618971125E0,9.571351868E-2,7.071833261E0,7.034510000E-4,1.799999952E0,2.500000000E1
6.631466958E0,9.571612397E-2,7.074548519E0,7.029380000E-4,1.799999952E0,2.500000000E1
6.648128000E0,9.569187276E-2,7.081471631E0,7.023730000E-4,1.799999952E0,2.500000000E1
6.668954375E0,9.567705305E-2,7.087180962E0,7.018610000E-4,1.799999952E0,2.500000000E1
6.681450333E0,9.561903456E-2,7.065234843E0,7.012670000E-4,1.799999952E0,2.500000000E1
6.689781000E0,9.546749625E-2,7.064517861E0,7.007860000E-4,1.799999952E0,2.500000000E1
6.710607583E0,9.543745926E-2,7.070006431E0,7.003230000E-4,1.799999952E0,2.500000000E1
6.723103625E0,9.553427799E-2,7.073981748E0,6.998470000E-4,1.799999952E0,2.500000000E1
6.735599125E0,9.553472630E-2,7.042926696E0,7.033850000E-4,1.799999952E0,2.500000000E1
6.752260250E0,9.531845326E-2,7.029365364E0,7.029040000E-4,1.799999952E0,2.500000000E1
6.764756041E0,9.545172916E-2,7.039584003E0,7.022880000E-4,1.799999952E0,2.500000000E1
6.785582625E0,9.536668499E-2,7.037858180E0,7.017760000E-4,1.799999952E0,2.500000000E1
6.798078458E0,9.531117874E-2,7.040729736E0,7.013200000E-4,1.799999952E0,2.500000000E1
6.814739541E0,9.529767860E-2,7.040805900E0,7.008500000E-4,1.799999952E0,2.500000000E1
6.835566291E0,9.525384541E-2,7.041285496E0,7.004050000E-4,1.799999952E0,2.500000000E1
6.848062000E0,9.535929205E-2,7.050713096E0,6.999010000E-4,1.799999952E0,2.500000000E1
6.860558041E0,9.527478079E-2,7.054044578E0,6.994250000E-4,1.799999952E0,2.500000000E1
6.877219208E0,9.467287382E-2,6.958937411E0,6.989010000E-4,1.799999952E0,2.500000000E1
6.893880375E0,9.472837161E-2,6.928187101E0,7.024410000E-4,1.799999952E0,2.500000000E1
6.906376250E0,9.461778206E-2,6.890294520E0,7.060000000E-4,1.799999952E0,2.500000000E1
6.918871750E0,9.470773229E-2,6.901922542E0,7.055520000E-4,1.799999952E0,2.500000000E1
6.935533250E0,9.468357413E-2,6.906260465E0,7.050450000E-4,1.799999952E0,2.500000000E1
6.956359791E0,9.493246407E-2,6.903942440E0,7.086140000E-4,1.799999952E0,2.500000000E1
6.968855666E0,9.495614854E-2,6.874780918E0,7.122010000E-4,1.799999952E0,2.500000000E1
6.985516708E0,9.486854984E-2,6.875177011E0,7.116470000E-4,1.799999952E0,2.500000000E1
6.998012541E0,9.490404271E-2,6.834261080E0,7.152500000E-4,1.799999952E0,2.500000000E1
7.018838875E0,9.554859018E-2,6.936532108E0,7.147610000E-4,1.799999952E0,2.500000000E1
7.027169541E0,9.554661083E-2,6.938624955E0,7.142750000E-4,1.799999952E0,2.500000000E1
7.043830625E0,9.561126098E-2,6.908834400E0,7.178850000E-4,1.799999952E0,2.500000000E1
7.060492000E0,9.543215563E-2,6.867687242E0,7.215150000E-4,1.799999952E0,2.500000000E1
7.072987833E0,9.553277234E-2,6.833963881E0,7.251620000E-4,1.799999952E0,2.500000000E1
7.089648958E0,9.581076880E-2,6.877920033E0,7.246650000E-4,1.799999952E0,2.500000000E1
7.102144416E0,9.578936819E-2,6.883913229E0,7.240520000E-4,1.799999952E0,2.500000000E1
7.118805791E0,9.570260690E-2,6.894182808E0,7.235560000E-4,1.799999952E0,2.500000000E1
7.135466958E0,9.567456618E-2,6.891549688E0,7.230290000E-4,1.799999952E0,2.500000000E1
7.152128250E0,9.637975435E-2,6.987890017E0,7.224990000E-4,1.799999952E0,2.500000000E1
7.168789458E0,9.646770832E-2,6.989201886E0,7.220150000E-4,1.799999952E0,2.500000000E1
7.181285333E0,9.642275858E-2,6.995711948E0,7.214850000E-4,1.799999952E0,2.500000000E1
7.193781333E0,9.636058685E-2,7.000818606E0,7.210090000E-4,1.799999952E0,2.500000000E1
7.210442458E0,9.658100468E-2,7.047083247E0,7.204800000E-4,1.799999952E0,2.500000000E1
7.227103625E0,9.669746460E-2,7.058360082E0,7.199690000E-4,1.799999952E0,2.500000000E1
7.239599458E0,9.661260653E-2,7.053684667E0,7.194800000E-4,1.799999952E0,2.500000000E1
7.256260625E0,9.663727221E-2,7.057638468E0,7.188700000E-4,1.799999952E0,2.500000000E1
7.264591041E0,9.659860731E-2,7.062269153E0,7.183960000E-4,1.799999952E0,2.500000000E1
7.281252083E0,9.677980197E-2,7.090939195E0,7.178580000E-4,1.799999952E0,2.500000000E1
7.297913541E0,9.674332788E-2,7.091949979E0,7.173000000E-4,1.799999952E0,2.500000000E1
7.318739833E0,9.683278751E-2,7.103690464E0,7.167630000E-4,1.799999952E0,2.500000000E1
7.331235583E0,9.674697360E-2,7.101928963E0,7.162120000E-4,1.799999952E0,2.500000000E1
7.347896833E0,9.677691754E-2,7.117684683E0,7.157560000E-4,1.799999952E0,2.500000000E1
7.360392958E0,9.683685616E-2,7.122478549E0,7.152340000E-4,1.799999952E0,2.500000000E1
7.377053958E0,9.678689885E-2,7.126103019E0,7.146920000E-4,1.799999952E0,2.500000000E1
7.389549958E0,9.682201953E-2,7.131459305E0,7.141570000E-4,1.799999952E0,2.500000000E1
7.406211166E0,9.683432700E-2,7.137265320E0,7.136330000E-4,1.799999952E0,2.500000000E1
7.418706958E0,9.638310401E-2,7.069463204E0,7.129940000E-4,1.799999952E0,2.500000000E1
7.435368208E0,9.633198785E-2,7.068283165E0,7.124360000E-4,1.799999952E0,2.500000000E1
7.452029208E0,9.637195540E-2,7.036741116E0,7.160300000E-4,1.799999952E0,2.500000000E1
7.464525000E0,9.638327319E-2,7.035844300E0,7.154730000E-4,1.799999952E0,2.500000000E1
7.485351416E0,9.615847373E-2,6.981035258E0,7.190840000E-4,1.799999952E0,2.500000000E1
7.502012666E0,9.605772169E-2,6.981747019E0,7.185450000E-4,1.799999952E0,2.500000000E1
7.514508500E0,9.606660337E-2,6.985187898E0,7.180410000E-4,1.799999952E0,2.500000000E1
7.535335083E0,9.609410273E-2,6.985044689E0,7.175530000E-4,1.799999952E0,2.500000000E1
7.551996333E0,9.642182812E-2,7.048794242E0,7.169810000E-4,1.799999952E0,2.500000000E1
7.564492041E0,9.640573960E-2,7.053900242E0,7.164190000E-4,1.799999952E0,2.500000000E1
7.576988000E0,9.641684592E-2,7.060369721E0,7.157980000E-4,1.799999952E0,2.500000000E1
7.593649125E0,9.635893740E-2,7.063406360E0,7.151780000E-4,1.799999952E0,2.500000000E1
7.606144958E0,9.634866003E-2,7.066431975E0,7.146080000E-4,1.799999952E0,2.500000000E1
7.622806041E0,9.661602386E-2,7.100774094E0,7.140170000E-4,1.799999952E0,2.500000000E1
7.635301500E0,9.661620149E-2,7.108487229E0,7.134620000E-4,1.799999952E0,2.500000000E1
7.647797875E0,9.665765777E-2,7.112830058E0,7.129270000E-4,1.799999952E0,2.500000000E1
7.660293833E0,9.653163947E-2,7.114320566E0,7.124420000E-4,1.799999952E0,2.500000000E1
7.676954916E0,9.615346616E-2,7.005342126E0,7.160380000E-4,1.799999952E0,2.500000000E1
7.693616291E0,9.620491221E-2,7.014522198E0,7.154670000E-4,1.799999952E0,2.500000000E1
7.710277416E0,9.617627938E-2,7.015200149E0,7.149530000E-4,1.799999952E0,2.500000000E1
7.722773125E0,9.615751790E-2,7.021468738E0,7.143970000E-4,1.799999952E0,2.500000000E1
7.735268875E0,9.608061104E-2,7.026184702E0,7.139110000E-4,1.799999952E0,2.500000000E1
7.751929916E0,9.598774254E-2,7.010881847E0,7.133420000E-4,1.799999952E0,2.500000000E1
7.768591166E0,9.598985723E-2,7.012081846E0,7.128530000E-4,1.799999952E0,2.500000000E1
7.785252500E0,9.596376202E-2,7.019283436E0,7.123290000E-4,1.799999952E0,2.500000000E1
7.797748208E0,9.597141718E-2,7.025195653E0,7.118240000E-4,1.799999952E0,2.500000000E1
7.814409291E0,9.588128931E-2,7.017181030E0,7.113720000E-4,1.799999952E0,2.500000000E1
7.831070416E0,9.576254553E-2,7.021819494E0,7.108400000E-4,1.799999952E0,2.500000000E1
7.851897000E0,9.583117128E-2,7.025832351E0,7.103890000E-4,1.799999952E0,2.500000000E1
7.864392833E0,9.582328773E-2,7.029708106E0,7.098430000E-4,1.799999952E0,2.500000000E1
7.881054041E0,9.570148189E-2,7.025786104E0,7.092910000E-4,1.799999952E0,2.500000000E1
7.901880541E0,9.578825164E-2,7.033010656E0,7.087110000E-4,1.799999952E0,2.500000000E1
7.918541416E0,9.585735954E-2,7.037487097E0,7.081910000E-4,1.799999952E0,2.500000000E1
7.931037625E0,9.573340517E-2,7.043303858E0,7.076260000E-4,1.799999952E0,2.500000000E1
7.947698625E0,9.570833347E-2,7.045108247E0,7.070620000E-4,1.799999952E0,2.500000000E1
7.964359833E0,9.577502217E-2,7.055547485E0,7.065770000E-4,1.799999952E0,2.500000000E1
7.976855916E0,9.576752773E-2,7.054646956E0,7.060130000E-4,1.799999952E0,2.500000000E1
7.993517125E0,9.573573978E-2,7.058035463E0,7.054850000E-4,1.799999952E0,2.500000000E1
8.010178250E0,9.560454474E-2,7.056871416E0,7.049430000E-4,1.799999952E0,2.500000000E1
8.026839416E0,9.563172267E-2,7.063077996E0,7.044360000E-4,1.799999952E0,2.500000000E1
8.043500541E0,9.573930937E-2,7.070852635E0,7.039200000E-4,1.799999952E0,2.500000000E1
8.055996333E0,9.561459372E-2,7.072060444E0,7.033930000E-4,1.799999952E0,2.500000000E1
8.072657583E0,9.571572641E-2,7.079187461E0,7.028180000E-4,1.799999952E0,2.500000000E1
8.089318833E0,9.514416094E-2,6.992730809E0,7.022570000E-4,1.799999952E0,2.500000000E1
8.101813791E0,9.520777066E-2,7.001088405E0,7.017420000E-4,1.799999952E0,2.500000000E1
8.114310541E0,9.513603209E-2,6.960827876E0,7.052930000E-4,1.799999952E0,2.500000000E1
8.135136875E0,9.516086695E-2,6.967964027E0,7.048110000E-4,1.799999952E0,2.500000000E1
8.147632750E0,9.493138135E-2,6.941392990E0,7.043390000E-4,1.799999952E0,2.500000000E1
8.168458916E0,9.491400710E-2,6.947122705E0,7.038390000E-4,1.799999952E0,2.500000000E1
8.180955125E0,9.494983832E-2,6.911385140E0,7.074020000E-4,1.799999952E0,2.500000000E1
8.193450791E0,9.485732509E-2,6.871925665E0,7.109840000E-4,1.799999952E0,2.500000000E1
8.210112083E0,9.480779917E-2,6.866540840E0,7.103050000E-4,1.799999952E0,2.500000000E1
8.222607875E0,9.478680458E-2,6.834571940E0,7.139020000E-4,1.799999952E0,2.500000000E1
8.239269250E0,9.478062970E-2,6.794882796E0,7.175180000E-4,1.799999952E0,2.500000000E1
8.251764916E0,9.470496628E-2,6.797976792E0,7.169550000E-4,1.799999952E0,2.500000000E1
8.260095666E0,9.473199195E-2,6.762186502E0,7.205860000E-4,1.799999952E0,2.500000000E1
8.285086250E0,9.507409720E-2,6.785839925E0,7.242330000E-4,1.799999952E0,2.500000000E1
8.297583041E0,9.508480597E-2,6.754218887E0,7.278980000E-4,1.799999952E0,2.500000000E1
8.314244208E0,9.510815209E-2,6.756052601E0,7.274100000E-4,1.799999952E0,2.500000000E1
8.335070625E0,9.509197898E-2,6.759285985E0,7.268870000E-4,1.799999952E0,2.500000000E1
8.351732166E0,9.579885890E-2,6.878408583E0,7.264140000E-4,1.799999952E0,2.500000000E1
8.360062750E0,9.595395834E-2,6.887859541E0,7.259350000E-4,1.799999952E0,2.500000000E1
8.376723875E0,9.588056186E-2,6.889176931E0,7.253920000E-4,1.799999952E0,2.500000000E1
8.393384958E0,9.583278690E-2,6.889867294E0,7.248990000E-4,1.799999952E0,2.500000000E1
8.405880708E0,9.586502315E-2,6.897107720E0,7.244060000E-4,1.799999952E0,2.500000000E1
8.422541791E0,9.663586806E-2,7.009084291E0,7.239140000E-4,1.799999952E0,2.500000000E1
8.439202833E0,9.657934676E-2,7.012781696E0,7.234220000E-4,1.799999952E0,2.500000000E1
8.451698875E0,9.656379114E-2,7.005722292E0,7.229300000E-4,1.799999952E0,2.500000000E1
8.464194750E0,9.651969573E-2,7.009120024E0,7.222040000E-4,1.799999952E0,2.500000000E1
8.480855458E0,9.644642614E-2,6.994312891E0,7.217200000E-4,1.799999952E0,2.500000000E1
8.501681875E0,9.649995304E-2,7.001578225E0,7.212010000E-4,1.799999952E0,2.500000000E1
8.518343500E0,9.641748033E-2,7.007169109E0,7.206400000E-4,1.799999952E0,2.500000000E1
8.530839166E0,9.647821408E-2,7.010231301E0,7.201500000E-4,1.799999952E0,2.500000000E1
8.543335291E0,9.646177029E-2,7.015720147E0,7.196420000E-4,1.799999952E0,2.500000000E1
8.555831125E0,9.641512880E-2,7.017518239E0,7.191030000E-4,1.799999952E0,2.500000000E1
8.572492416E0,9.646566977E-2,7.025502784E0,7.185760000E-4,1.799999952E0,2.500000000E1
8.589153583E0,9.640773586E-2,7.029266373E0,7.180490000E-4,1.799999952E0,2.500000000E1
8.601649250E0,9.639366052E-2,7.032876377E0,7.175820000E-4,1.799999952E0,2.500000000E1
8.614145000E0,9.643391566E-2,7.042576144E0,7.170200000E-4,1.799999952E0,2.500000000E1
8.630806250E0,9.641016352E-2,7.044417904E0,7.165650000E-4,1.799999952E0,2.500000000E1
8.651632333E0,9.642265708E-2,7.049820346E0,7.160750000E-4,1.799999952E0,2.500000000E1
8.664128375E0,9.636629650E-2,7.047734514E0,7.156020000E-4,1.799999952E0,2.500000000E1
8.680789666E0,9.633170871E-2,7.012753770E0,7.192120000E-4,1.799999952E0,2.500000000E1
8.697450875E0,9.637929758E-2,7.022920880E0,7.186880000E-4,1.799999952E0,2.500000000E1
8.714112166E0,9.627151633E-2,7.025133033E0,7.182060000E-4,1.799999952E0,2.500000000E1
8.734938541E0,9.626776910E-2,7.021332943E0,7.177150000E-4,1.799999952E0,2.500000000E1
8.751599416E0,9.631139928E-2,7.033202463E0,7.169800000E-4,1.799999952E0,2.500000000E1
8.764095583E0,9.624111562E-2,7.029989961E0,7.165140000E-4,1.799999952E0,2.500000000E1
8.776591541E0,9.637626089E-2,7.038989642E0,7.159780000E-4,1.799999952E0,2.500000000E1
8.793252625E0,9.634401618E-2,7.047084088E0,7.154530000E-4,1.799999952E0,2.500000000E1
8.809913875E0,9.630829492E-2,7.045037961E0,7.149740000E-4,1.799999952E0,2.500000000E1
8.822409958E0,9.637516972E-2,7.052684973E0,7.144850000E-4,1.799999952E0,2.500000000E1
8.834905416E0,9.629667262E-2,7.056260655E0,7.139950000E-4,1.799999952E0,2.500000000E1
8.847401416E0,9.631892756E-2,7.061273113E0,7.135230000E-4,1.799999952E0,2.500000000E1
8.859897333E0,9.630389638E-2,7.063552248E0,7.129680000E-4,1.799999952E0,2.500000000E1
8.880723625E0,9.573120590E-2,6.981036407E0,7.124790000E-4,1.799999952E0,2.500000000E1
8.897384666E0,9.570465392E-2,6.948155836E0,7.160790000E-4,1.799999952E0,2.500000000E1
8.909880833E0,9.576131055E-2,6.950056449E0,7.156000000E-4,1.799999952E0,2.500000000E1
8.926541750E0,9.567563198E-2,6.949221296E0,7.151140000E-4,1.799999952E0,2.500000000E1
8.943203166E0,9.552366227E-2,6.932607356E0,7.146240000E-4,1.799999952E0,2.500000000E1
8.959864375E0,9.545909672E-2,6.929735480E0,7.140680000E-4,1.799999952E0,2.500000000E1
8.976525541E0,9.554800653E-2,6.937389749E0,7.135540000E-4,1.799999952E0,2.500000000E1
8.989021291E0,9.555905364E-2,6.946165664E0,7.129990000E-4,1.799999952E0,2.500000000E1
9.001517166E0,9.547157336E-2,6.947134125E0,7.124930000E-4,1.799999952E0,2.500000000E1
9.014012916E0,9.543550529E-2,6.899110029E0,7.160960000E-4,1.799999952E0,2.500000000E1
9.034839541E0,9.537027996E-2,6.903191848E0,7.156090000E-4,1.799999952E0,2.500000000E1
9.051499958E0,9.535746497E-2,6.909135414E0,7.150690000E-4,1.799999952E0,2.500000000E1
9.068161791E0,9.528969355E-2,6.905398266E0,7.145340000E-4,1.799999952E0,2.500000000E1
9.084823041E0,9.581510813E-2,6.983935104E0,7.140480000E-4,1.799999952E0,2.500000000E1
9.101482166E0,9.572741638E-2,6.987009870E0,7.135350000E-4,1.799999952E0,2.500000000E1
9.118145125E0,9.576724859E-2,6.949737985E0,7.171400000E-4,1.799999952E0,2.500000000E1
9.130641000E0,9.575296178E-2,6.951799413E0,7.166030000E-4,1.799999952E0,2.500000000E1
9.147302041E0,9.546684492E-2,6.906968698E0,7.161340000E-4,1.799999952E0,2.500000000E1
9.168124041E0,9.545423294E-2,6.906902704E0,7.156190000E-4,1.799999952E0,2.500000000E1
9.180624583E0,9.550713390E-2,6.912684761E0,7.150940000E-4,1.799999952E0,2.500000000E1
9.193120583E0,9.547388259E-2,6.875990132E0,7.187090000E-4,1.799999952E0,2.500000000E1
9.213946958E0,9.583212712E-2,6.947092368E0,7.181500000E-4,1.799999952E0,2.500000000E1
9.226442875E0,9.584654081E-2,6.953669216E0,7.176210000E-4,1.799999952E0,2.500000000E1
9.243104083E0,9.580598115E-2,6.956803888E0,7.171050000E-4,1.799999952E0,2.500000000E1
9.255599791E0,9.585088014E-2,6.960248618E0,7.165890000E-4,1.799999952E0,2.500000000E1
9.272260916E0,9.583785368E-2,6.965079546E0,7.161330000E-4,1.799999952E0,2.500000000E1
9.284756625E0,9.604399316E-2,6.955450529E0,7.197490000E-4,1.799999952E0,2.500000000E1
9.297252625E0,9.599584601E-2,6.960882306E0,7.192600000E-4,1.799999952E0,2.500000000E1
9.318079125E0,9.606640036E-2,6.963758875E0,7.187710000E-4,1.799999952E0,2.500000000E1
9.334740250E0,9.598836849E-2,6.964954761E0,7.182650000E-4,1.799999952E0,2.500000000E1
9.351401208E0,9.610305208E-2,6.946865359E0,7.218910000E-4,1.799999952E0,2.500000000E1
9.368062416E0,9.613062757E-2,6.953827385E0,7.213720000E-4,1.799999952E0,2.500000000E1
9.380558541E0,9.613222627E-2,6.956421113E0,7.208180000E-4,1.799999952E0,2.500000000E1
9.393054458E0,9.595713882E-2,6.955803080E0,7.203000000E-4,1.799999952E0,2.500000000E1
9.409715458E0,9.611103713E-2,6.970835102E0,7.197400000E-4,1.799999952E0,2.500000000E1
9.426376625E0,9.604602326E-2,6.975615343E0,7.192510000E-4,1.799999952E0,2.500000000E1
9.438872625E0,9.607282900E-2,6.982024469E0,7.186210000E-4,1.799999952E0,2.500000000E1
9.455533875E0,9.607813263E-2,6.987068654E0,7.179770000E-4,1.799999952E0,2.500000000E1
9.468029500E0,9.609662343E-2,6.993550987E0,7.175030000E-4,1.799999952E0,2.500000000E1
9.484690375E0,9.610800044E-2,6.999225517E0,7.169800000E-4,1.799999952E0,2.500000000E1
9.501351875E0,9.600824653E-2,6.999733822E0,7.164640000E-4,1.799999952E0,2.500000000E1
9.509682583E0,9.603751376E-2,7.005294217E0,7.158930000E-4,1.799999952E0,2.500000000E1
9.534674166E0,9.609999847E-2,7.011452535E0,7.154130000E-4,1.799999952E0,2.500000000E1
9.547170041E0,9.595521869E-2,7.012808172E0,7.149340000E-4,1.799999952E0,2.500000000E1
9.559665916E0,9.603579664E-2,7.018526764E0,7.144450000E-4,1.799999952E0,2.500000000E1
9.576327250E0,9.613692087E-2,7.028494200E0,7.139660000E-4,1.799999952E0,2.500000000E1
9.592988333E0,9.607089195E-2,7.031417054E0,7.133380000E-4,1.799999952E0,2.500000000E1
9.605484041E0,9.603560209E-2,7.037307289E0,7.127830000E-4,1.799999952E0,2.500000000E1
9.622145291E0,9.547974450E-2,6.949366810E0,7.123300000E-4,1.799999952E0,2.500000000E1
9.634641083E0,9.548403308E-2,6.957104866E0,7.117820000E-4,1.799999952E0,2.500000000E1
9.647136750E0,9.557872021E-2,6.927154524E0,7.153800000E-4,1.799999952E0,2.500000000E1
9.663798125E0,9.548299266E-2,6.889438287E0,7.189970000E-4,1.799999952E0,2.500000000E1
9.680459333E0,9.530211098E-2,6.859402411E0,7.185400000E-4,1.799999952E0,2.500000000E1
9.697120333E0,9.526446113E-2,6.866475786E0,7.180830000E-4,1.799999952E0,2.500000000E1
9.713781416E0,9.523696177E-2,6.863313324E0,7.176270000E-4,1.799999952E0,2.500000000E1
9.730442625E0,9.527336818E-2,6.876230667E0,7.169490000E-4,1.799999952E0,2.500000000E1
9.751269083E0,9.562878749E-2,6.900421852E0,7.205720000E-4,1.799999952E0,2.500000000E1
9.763764833E0,9.563826127E-2,6.864136155E0,7.242140000E-4,1.799999952E0,2.500000000E1
9.780426166E0,9.567147028E-2,6.829951407E0,7.278740000E-4,1.799999952E0,2.500000000E1
9.797087333E0,9.567507371E-2,6.833740606E0,7.273740000E-4,1.799999952E0,2.500000000E1
9.817913916E0,9.596743311E-2,6.870043033E0,7.268410000E-4,1.799999952E0,2.500000000E1
9.830409500E0,9.588836927E-2,6.879016360E0,7.263080000E-4,1.799999952E0,2.500000000E1
9.842905750E0,9.589607519E-2,6.884717866E0,7.257570000E-4,1.799999952E0,2.500000000E1
9.859566583E0,9.590599729E-2,6.888489460E0,7.252610000E-4,1.799999952E0,2.500000000E1
9.876227916E0,9.640144256E-2,6.972666457E0,7.247760000E-4,1.799999952E0,2.500000000E1
9.888724000E0,9.642915339E-2,6.976704032E0,7.242090000E-4,1.799999952E0,2.500000000E1
9.909550250E0,9.647760505E-2,6.945305196E0,7.278610000E-4,1.799999952E0,2.500000000E1
9.922046125E0,9.643671550E-2,6.949958885E0,7.273720000E-4,1.799999952E0,2.500000000E1
9.934541958E0,9.650844561E-2,6.907438644E0,7.310400000E-4,1.799999952E0,2.500000000E1
9.951202958E0,9.627670999E-2,6.878467556E0,7.304930000E-4,1.799999952E0,2.500000000E1
9.963698875E0,9.619773920E-2,6.885217571E0,7.298530000E-4,1.799999952E0,2.500000000E1